Year,Observed,ACCESS-CM2,ACCESS-ESM1-5,AWI-CM-1-1-MR,BCC-CSM2-MR,BCC-ESM1,CAMS-CSM1-0,CESM2,CESM2-WACCM,CNRM-CM6-1,CNRM-ESM2-1,CanESM5,E3SM-1-0,EC-Earth3,EC-Earth3-Veg,FGOALS-f3-L,GFDL-CM4,GFDL-ESM4,GISS-E2-1-G,GISS-E2-1-G-CC,GISS-E2-1-H,HadGEM3-GC31-LL,HadGEM3-GC31-MM,INM-CM4-8,INM-CM5-0,IPSL-CM6A-LR,MIROC-ES2L,MIROC6,MPI-ESM1-2-HR,MPI-ESM1-2-LR,MRI-ESM2-0,NESM3,NorCPM1,NorESM2-LM,SAM0-UNICON,UKESM1-0-LL,Month
1979,7.05,5.70511055,5.289105415,4.693113804,6.461758614,8.864387512,7.361217976,5.031458855,6.01609993,6.1109519,3.716478109,7.066124439,5.997545242,8.81685257,5.698888302,4.22198391,7.518823147,5.943755627,8.947731972,9.00647831,12.16795349,7.56,6.064,7.462793827,6.54213953,5.505185604,4.884221077,5.169587612,3.746584177,4.770140648,6.845226396,5.947494507,8.901650429,6.337623119,7.232190132,8.723,9
1980,7.67,6.521105289,5.05821991,4.648487091,6.713432789,9.078913689,7.322363377,4.488467216,6.252196312,4.928931713,5.114138126,6.725206375,5.681874275,8.564655304,5.587956905,4.173568249,6.911135197,6.441860199,8.351299286,9.156980515,11.83876991,7.474,6.25,6.835362434,6.230031967,4.271256924,4.778631687,5.157176018,3.981120825,4.723555565,5.564815519,6.462695122,8.905335426,6.327782631,7.203070164,8.179,9
1981,7.14,5.828550339,5.723554134,4.117007256,6.720443249,8.761032104,6.723846912,4.628748894,5.850521564,3.498829365,5.111027241,6.543595314,6.130355358,7.678815842,5.468884945,4.736440182,7.93064785,6.262940407,7.820673943,8.393195152,11.30942726,7.23,6.122,6.707591534,6.206627846,5.611305714,4.976100445,5.509872437,4.007227421,4.512517929,5.772612717,6.171122551,8.950469017,6.262269497,7.322777748,7.986,9
1982,7.3,5.755586147,5.47692585,4.689090729,7.78482914,8.651107788,6.555691719,4.743794918,5.811392784,4.60428524,4.139226913,6.396074772,5.187655449,8.187123299,6.732251644,4.391256809,6.617885113,6.227108479,8.59325695,8.000263214,10.20223713,7.377,5.787,6.48285675,6.214329243,4.925750732,4.396491528,5.186288357,4.402036667,4.676539898,5.647221981,5.809988499,8.476508141,6.063625336,7.141829491,8.163,9
1983,7.39,7.12990284,5.276992798,4.639830112,8.362235069,8.601632118,7.195521832,5.428292274,6.868532658,5.035698891,5.058006287,6.888825893,6.169401646,9.254404068,7.626261234,3.843189716,6.905869961,6.05090332,7.932979584,8.532799721,11.74493408,8.11,6.442,7.189885139,6.311842442,5.334911346,4.306049347,4.780343056,3.772806168,4.711910248,5.438790341,7.161389828,8.677025795,6.044820309,7.38984251,7.998,9
1984,6.81,6.80475378,5.442309856,4.323074818,7.492701054,8.584303856,7.2476964,4.504180431,6.457687855,5.542428493,5.13168478,6.698343754,6.110237122,8.859712601,6.756021976,3.797506571,7.20827055,6.025985718,8.882447243,7.83326292,10.74142551,7.243,6.542,6.826323032,5.768649578,5.055029869,4.667780399,5.063532829,3.926116705,4.77756834,6.162789192,6.204997063,8.845511436,5.881531239,7.820826054,8.231,9
1985,6.7,6.367316246,5.463839531,3.923124313,7.521672249,8.656499863,7.258580685,4.061590672,6.714909554,4.968727589,5.16783762,6.718608856,6.307826042,8.219112396,5.274734497,3.75424099,6.874516487,5.770422459,7.753034592,8.305583,10.27708435,6.985,6.327,7.300477505,5.792385578,5.307235241,4.166985989,4.848553658,3.792322397,4.396657944,4.714627752,6.244311333,8.656336784,6.002666473,7.079895973,8.388,9
1986,7.41,5.717568398,5.500036716,3.990066528,7.583408356,7.924990654,7.314507008,4.337001324,5.780371666,5.721040249,4.610025406,6.440345764,5.718581676,8.31498909,6.132207394,3.663868189,6.258861065,5.769174099,8.869865417,7.222727776,9.553419113,7.372,6.379,6.626249313,6.419377327,4.661177635,4.105966568,5.307554245,4.071023464,4.43642807,5.122782626,6.140949249,8.746089935,6.348987103,6.636066437,7.928,9
1987,7.28,6.017557144,5.837880611,3.544117928,6.4870224,7.900732517,7.36789465,3.459003687,5.297861576,4.829145432,4.390194893,6.119353771,5.36477232,7.715461254,6.127555847,3.4614501,5.544742584,5.256349564,7.57358408,7.863459587,8.766653061,7.276,6.138,6.815746307,6.723930836,4.469204903,4.088816643,5.066639423,3.942650795,4.669755936,5.612873588,6.104563236,9.417557716,5.970669746,6.577310085,7.76,9
1988,7.37,6.589041233,5.432637215,4.404963017,6.281682968,7.889868736,7.293021679,2.939938068,5.293756008,5.019618034,3.38638401,6.690154552,5.145921707,7.563407421,5.752017021,3.770485401,5.441716194,5.610706806,7.194847107,8.532301903,10.0669384,6.631,6.878,7.438527107,6.969128132,4.007393837,4.218726635,5.364338398,3.887552738,4.586751938,5.470742105,5.982252598,9.065252304,5.497913837,7.285661221,7.959,9
1989,7.01,6.29803133,5.567137241,4.402415752,6.940000534,6.697070122,6.67730093,4.142238617,5.392784595,5.604382038,3.572598696,7.125130177,5.371945381,8.105051994,5.534998894,3.478611469,5.668017864,5.412804127,8.377749443,8.460167885,10.18578053,6.508,6.415,6.899062157,5.833662987,4.222096443,4.115134239,5.206298351,4.649420738,3.607680559,4.490879838,5.164348125,8.887646675,5.272668839,7.008839607,7.561,9
1990,6.14,6.413302898,5.421834946,4.294984818,6.815568447,7.378656387,7.227150917,4.021141529,5.186271667,4.8456707,4.313964367,5.643643856,5.078503609,7.302968502,5.888216019,3.206623077,6.200344086,5.777479172,8.231490135,8.95384407,8.840481758,6.393,6.598,6.291339874,6.578115463,4.068960667,4.368227482,4.875374317,3.894348383,3.859318256,3.898952811,4.831861973,9.244652748,5.695596695,6.464531422,7.048,9
1991,6.47,5.822814941,4.668074131,3.653078079,6.749236107,6.687890053,6.699926853,3.967026711,5.386048794,5.086755276,4.540738583,5.68345356,4.79582119,6.703124046,6.207095623,2.957878113,5.389887333,4.935609818,8.056393623,8.229351997,9.512385368,6.426,6.8,6.592553139,6.607253075,5.033565998,3.87846899,5.400319099,4.283400536,4.341068745,4.870793435,5.067475796,8.9696064,5.068359852,6.671185493,6.724,9
1992,7.47,6.87670517,5.674625874,4.041597366,7.904990673,8.437371254,7.322440147,4.325404644,5.519291878,4.885475159,4.377253532,6.371534824,4.899645805,6.751340389,5.488408089,3.660517216,6.401536942,6.215836048,7.64752388,9.669674873,10.04397964,6.597,6.757,7.363678932,6.513168812,4.476676941,4.28054142,5.571332455,4.499735832,4.696602821,5.05166158,6.291853905,9.49527359,6.079197407,6.91177702,7.211,9
1993,6.4,6.782627106,5.043860435,4.344357491,7.504740715,8.042539597,7.776584625,4.27140379,6.114093781,4.369104385,4.823077202,6.227513313,4.694953918,8.258394241,6.118211746,3.351233959,6.387980461,6.892662525,8.374712944,8.95867157,9.395974159,6.911,7.421,7.605628014,7.161641598,3.807232857,4.822039127,5.287158966,4.679486275,4.641753197,4.588136433,6.118787289,9.834413528,6.040048599,7.321679115,7.007,9
1994,7.14,5.891637325,5.505666256,4.090975285,6.917318821,7.611977577,7.301047325,3.961127996,5.890156746,4.634142876,5.206620216,5.91520977,4.925786495,7.07365036,5.709909439,3.74235034,6.530675411,5.89336729,8.635309219,9.029629707,9.610124588,7.345,6.905,6.854459763,6.492720604,4.387040615,4.392228603,4.868768692,4.562769413,4.043278694,4.54613939,5.88729763,9.424977303,6.279016495,6.81816721,6.648,9
1995,6.08,5.60700798,4.93078804,4.20569706,6.996170044,8.027888298,7.260890007,4.04765892,5.598954678,4.740051746,4.186659336,6.25480175,4.842165947,6.508526802,5.901805401,3.929992437,6.05053997,6.215876102,8.74491787,8.495612144,8.911053658,7.044,6.518,6.954884529,6.439387321,3.862924099,4.50722456,5.222225666,4.240371227,4.441242218,5.119332758,5.373527527,9.400940895,6.430136681,6.677427292,6.961,9
1996,7.58,5.220073223,4.282560825,3.585592031,7.391126633,7.080167294,7.24163866,3.756723881,5.315398693,4.064521313,4.342198372,6.050632954,4.33356905,6.206605911,6.145685196,3.155408382,6.16738081,5.200534821,8.508563042,7.766165733,11.05473042,7.034,5.757,6.9133358,6.29445219,3.252319098,4.166466713,5.727099895,4.886201859,3.954072952,5.031972244,4.299372673,9.628082275,5.419018745,6.591482162,6.668,9
1997,6.69,4.819643497,5.008752346,3.644432306,5.966210365,7.818834305,7.442071915,3.099894285,4.684504986,4.705577374,5.140639305,5.69085598,3.610437632,6.617807865,5.943691254,3.246194601,5.856077194,5.818528175,8.287856102,6.598190784,8.754611969,6.34,5.821,7.065304756,6.617260933,2.593258381,4.279693604,5.488745213,4.481135845,3.775171995,4.747760051,4.660822392,9.093813896,5.128156185,6.688220501,6.707,9
1998,6.54,5.334205627,4.564306259,3.626156807,6.66833353,8.625505447,7.421134949,3.93213439,4.800452232,4.328291416,4.857917786,5.047004223,4.116788387,6.559925079,5.319703102,3.267788649,6.181760788,5.116030216,8.832297325,7.298235893,9.269233704,6.474,6.305,7.570029736,7.026018143,2.897649288,4.646317959,5.415398121,4.393442154,3.536251783,4.108553808,4.33409214,9.188562393,5.593913078,7.192152977,5.955,9
1999,6.12,5.910863876,4.557408333,3.12594533,6.647449493,7.609798431,6.796919823,3.848726988,4.967932701,4.816678524,3.455682516,4.550213814,4.117350578,6.434195995,5.519812107,3.188694,6.107154369,4.698972225,7.337747097,6.808628082,8.302764893,6.119,6.377,6.508889675,6.182721615,3.179930687,4.873314857,4.708326817,4.184239388,3.632003307,4.260444121,4.014709949,9.337467194,4.982923985,6.807248592,6.193,9
2000,6.25,5.041570187,5.099153996,3.150485039,7.185901165,6.185498238,7.180321693,3.341704845,4.680209637,4.536811829,4.636502266,5.54129076,3.923233986,6.566376686,5.180970192,3.541129112,6.415831566,4.684829712,7.406165123,7.949881077,9.692917824,6.266,5.8,6.556078434,6.204493999,3.555462837,4.706334591,5.363625526,4.115260124,3.914962769,4.667922662,4.522995949,9.159976006,4.613371372,6.672577381,6.117,9
2001,6.73,5.444611549,4.68702507,3.442755222,6.619604588,6.984006405,6.938790798,3.458903074,3.523264885,4.750674725,4.553961277,5.949039459,2.785342216,7.497417927,4.427433968,3.094501019,5.478958607,4.657102585,7.809421062,6.340361118,8.44587326,5.818,5.957,6.100069046,5.495950699,2.727166653,4.753629684,5.111896992,4.109054565,3.468611002,4.791910864,4.527455807,9.229856491,5.242700577,5.788960934,6.293,9
2002,5.83,4.584666729,3.917856216,3.250459194,5.225720882,7.281124115,7.1007061,2.578927755,3.675717115,5.250947475,3.05674696,5.197118282,3.374725342,6.975692272,5.084674835,2.159470797,6.179482937,5.195159435,7.446638107,6.884943962,8.399677277,5.655,5.27,7.049462795,5.19573164,3.873244524,4.636080742,4.501880169,3.894264936,3.724382401,3.818826226,4.028857708,9.248737335,5.146561623,6.254583359,6.527,9
2003,6.12,5.286591053,4.055095196,3.425758362,5.266489983,6.419790268,6.738896847,1.671337366,3.780757189,4.731822014,2.129034996,4.586223602,3.166712284,5.998993397,4.654598236,3.214403868,5.72096014,4.86479044,6.973385811,7.137261868,8.75788784,5.151,5.27,6.823126316,5.224259377,2.702464104,4.601444721,4.597743034,3.65920639,3.955897331,4.162718414,4.484971046,9.246210098,5.70642519,6.044426918,6.563,9
2004,5.98,4.972901821,3.325070143,2.491600275,4.914636612,6.39538908,6.570489407,1.368641973,3.749705791,4.661665916,3.335170984,5.174976349,2.528134108,5.612441063,4.76125288,2.991960049,5.783577442,4.509047985,7.158585072,7.505939484,8.795186996,5.272,4.911,6.102552414,6.034092426,3.581276417,4.145161152,4.563204765,3.191350698,4.069332123,3.136834286,4.252871037,8.895474434,5.471878529,5.604415894,6.358,9
2005,5.5,5.357676983,4.35033083,3.202489138,5.759399891,7.088116169,6.803915501,2.018398762,3.775221109,4.019948959,3.625496149,5.168007851,1.764796734,5.883994102,4.671766758,1.955571532,5.136147499,4.812588692,7.647034168,7.053304195,8.330841064,5.286,5.262,6.887233734,5.788519859,2.34158802,4.111699104,4.580077171,2.992204905,4.114469528,3.739971411,3.029388189,8.664374352,4.978257656,5.860071659,5.725,9
2006,5.86,5.821349144,3.796473503,2.727802992,4.995514393,6.427311897,7.152732849,3.209892035,3.449195385,4.032221794,4.210376263,5.620273113,1.593931913,6.138876915,4.768253326,2.682879686,5.045573235,4.747693539,6.487267971,5.710701466,7.952912807,4.774,5.133,6.956833839,5.707201004,3.338201523,4.826244831,4.428113937,2.57268548,3.753203154,2.725385052,2.450982571,9.023123741,4.862088203,5.395969868,6.916,9
2007,4.27,5.660417557,3.295542717,3.105549097,4.330654144,6.630454063,7.100910187,1.656014323,3.278804779,4.256055355,3.281355143,5.378586769,1.9637146,5.0703578,4.243179798,2.764142513,5.452706337,4.286053658,7.766772747,6.666728497,8.407692909,4.654,5.22,6.402807713,5.435708046,2.387593985,4.846009254,4.639783382,2.675395727,3.715521097,2.621364968,1.883490324,8.748837471,4.608490467,5.746829033,6.867,9
2008,4.69,5.050147533,4.037797928,2.922578573,4.654820442,6.736989498,7.543113708,1.60103929,2.960340738,5.292460918,3.50637579,4.243646145,2.472297907,4.60354805,4.511613846,3.09747839,5.065921307,4.085269928,6.575059891,7.032915115,8.113758087,4.147,4.873,7.209170818,4.929541588,2.552473307,3.852600574,4.892076969,2.845537663,3.501520634,2.392760547,1.788069487,8.727560997,4.176666737,5.696875095,6.814,9
2009,5.26,5.476309299,3.205009699,2.710921764,5.310658455,6.213956833,6.705729008,0.947073996,3.869157314,4.989737988,3.685300112,4.420884609,1.546121001,4.414255142,4.762736797,2.656710148,4.560745716,4.121665001,7.221227646,5.992768764,6.611861706,4.818,5.674,6.689229965,5.071073055,3.408786297,3.945890903,5.07209444,2.878878832,3.08787179,1.653511383,2.963885307,8.26595974,4.481215954,5.630122185,6.424,9
2010,4.87,5.586924076,3.747420788,2.944187403,6.168558598,6.304272652,7.116314411,2.432323217,3.848208904,5.101672173,3.080200911,4.982622623,0.700423121,4.465729713,4.475131989,3.351929665,5.121153831,4.697605133,7.182723999,6.616746426,6.740733147,4.985,5.404,6.740465164,5.349182129,3.006474018,3.564162016,4.357739925,2.604441881,2.991638184,3.903133636,2.458602667,8.192193031,3.951914549,6.588283062,6.307,9
2011,4.56,4.473161697,2.781508446,2.743057489,5.602740765,6.054846764,7.148842335,2.304373264,2.646923542,4.949847698,4.372887611,5.422802925,1.134294868,4.323039532,5.461285591,2.923849344,3.974464893,4.491743088,6.5389781,6.362856865,6.923573494,4.17,4.901,6.909983635,6.019753933,3.332312584,4.014537334,4.445576668,2.554802179,3.21047473,3.871146755,2.365112543,8.110458374,4.190672398,5.419381142,5.586,9
2012,3.57,4.012982368,4.060365677,2.934207916,4.756244183,5.027421474,6.161509514,2.640736341,2.712109327,4.679612637,3.274875402,4.891989708,2.859272003,4.518529415,4.292849541,2.81397295,4.34300375,4.2727952,7.374498367,6.482508659,6.377119541,4.71,4.48,7.165015221,6.101336479,2.743694305,4.117161751,4.363172531,2.673252821,3.323927402,3.002794908,2.586857557,8.647251129,4.217416286,5.260526657,5.867,9
2013,5.21,4.193058014,3.871250391,2.941201925,5.165137291,5.178328514,7.087563038,1.060424566,3.254339457,5.183678627,4.27456665,4.07566452,2.200253248,4.522573948,4.747388363,3.530062199,5.651381016,4.497570038,6.178676128,7.053979874,6.459958076,4.078,3.768,6.961748123,5.468810081,2.695393324,3.399687529,3.687043667,2.740231276,3.148670673,2.605239346,2.053671598,8.393301964,3.985631943,6.345206738,5.212,9
2014,5.22,4.296965122,3.639829874,3.093069315,4.473220348,5.28421402,7.230594158,2.002138376,3.180541277,5.360841751,3.462400436,4.074640274,2.301165581,4.642668724,5.017022133,1.817988276,4.519066811,5.156944275,5.91039753,6.312267303,7.916802883,4.87,3.735,6.800934792,5.201982498,3.761485577,3.006616354,3.669958115,2.876494884,3.212326765,2.011868658,1.589695096,8.764858246,3.419272423,4.69839859,5.569,9
1979,16.34,15.60864449,14.14006042,15.21465111,17.08101845,17.70249748,18.99923706,14.3613348,14.1888113,15.88766098,15.26355171,16.26153755,21.11894417,17.54950905,15.20319843,11.54274559,15.65657616,14.66666317,17.76445961,17.21049118,21.42879295,15.588,14.2,16.73223495,15.95000839,14.49546337,13.13500977,12.09319687,14.44281483,13.37150955,14.83819786,19.05068398,14.64930534,14.08169842,16.13009644,17.552,3
1980,16.04,15.78000164,14.54305553,16.08790398,17.00835037,17.42487144,19.74776268,13.95106697,14.37477112,15.63198566,15.31509972,16.03603172,19.83219528,17.73071098,14.88483715,11.48331642,15.56590557,14.72360325,17.63254929,17.25494766,21.42014122,15.788,14.303,16.31484413,15.84936523,14.63818455,12.90737915,12.00270367,14.7785778,13.90601063,14.67272888,19.86994171,14.57607079,14.02119923,15.97617722,16.937,3
1981,15.63,15.94433594,14.7315836,15.65859795,16.85281754,17.85894012,20.16453552,13.81083298,14.16230774,15.36051846,15.32628441,15.74016094,20.15838623,17.67204094,14.46135521,11.50825405,15.92098999,14.73967457,17.61873627,17.18049622,20.60824776,16.193,14.51,16.30623245,16.42652512,13.96144199,12.84033108,12.08057499,13.91363716,13.73326778,14.75817653,19.26057625,14.67628384,14.04684162,15.28624821,16.888,3
1982,16.04,15.71332455,14.59240627,15.73136711,16.40217972,17.99258804,19.92838287,13.92883015,14.21151066,15.29508781,14.89215088,15.46971512,20.56214714,16.71241379,14.43324375,11.70735931,15.71966553,14.62923622,16.81220055,17.42989731,20.56941414,16.398,14.627,15.8815937,15.28454208,14.60872459,12.44374084,12.26140881,14.02537918,14.32827282,14.44045451,18.95903969,14.73860741,14.20857716,16.41172028,17.338,3
1983,16.09,15.61038208,14.8111248,15.25442982,16.63223076,18.47757339,19.63713074,14.09085464,14.21748066,15.16358948,15.28897476,15.58749485,20.46154213,16.57849884,14.48719978,12.0648241,15.65939617,14.44444084,16.16056061,17.74871445,20.59937668,16.553,14.686,15.42415047,15.29740906,14.63714027,12.53892803,12.15156364,13.49499035,13.93110085,14.31854508,18.94116974,14.67982388,14.41025352,16.04007721,16.933,3
1984,15.58,16.39811134,14.86253548,15.42802715,16.9364109,18.18174934,20.43669701,13.9892664,14.3234787,15.07657433,15.01526165,15.30259514,20.62640762,16.8999691,14.42429638,11.56394196,15.52786827,14.20706463,16.79765701,17.97715187,20.5761795,16.991,14.782,16.37270737,15.21096611,15.06067467,12.73234844,11.85871983,14.32036304,14.26515675,14.36649021,19.5728302,14.58025169,14.13017941,15.88643551,17.23,3
1985,15.89,16.0663929,15.35608482,14.86997604,17.2675724,18.26052475,19.96881676,14.01807976,14.74342632,15.1296072,14.87242794,15.58985329,21.31931877,16.62339592,14.68830967,11.33270836,15.55225372,14.17171288,17.52536392,17.21910858,20.97698975,16.693,14.867,15.95525932,16.1240406,14.66124439,12.53379917,12.0998621,14.44868946,14.38075352,14.09518528,19.32860374,14.33503914,14.2696867,15.75197601,17.126,3
1986,15.91,16.21308708,14.95375347,15.07296181,16.93705368,17.9537735,19.78145599,13.90754128,14.41358757,15.43568707,14.96542263,15.60806561,20.98514557,17.34540939,14.74932003,11.50529385,15.7179594,13.88724804,17.20426559,17.02518272,20.7203064,16.334,14.622,16.14459419,16.6022377,15.18130016,12.78024387,12.00622272,14.44237995,13.93524551,14.48750248,18.98922539,14.18580151,14.28813648,14.83211899,16.743,3
1987,15.82,16.34543037,14.50279236,15.32113838,16.97559166,18.23159409,19.75963211,13.96801186,14.33732605,15.01754379,14.48638535,15.51820087,20.53744125,16.88077354,14.69601727,11.73240185,15.62423706,13.43531609,16.91213417,17.49382973,20.48729515,16.294,14.949,15.79176044,16.7412529,14.98667908,12.33404446,11.90306664,15.60423565,14.0379076,14.5896884,19.05767632,14.5111351,13.86285973,15.62520027,16.868,3
1988,15.96,16.29699135,14.31131363,15.55466461,17.14646339,17.80119133,18.90393639,13.96813011,14.2267828,14.74556065,14.61942482,15.68447399,19.85196495,16.77686691,14.45236397,11.01236343,15.2289772,13.70442581,17.16442108,16.36915588,20.805439,15.892,15.347,15.78872299,15.95812893,14.74338722,12.51255608,11.95565224,14.69814396,13.18541813,14.68831228,18.74365425,14.8421917,14.18959236,16.47841263,16.304,3
1989,15.42,16.67649269,14.40594006,15.03487396,16.74879456,18.18873405,19.23023033,13.97642899,14.52750683,14.71053028,14.35647964,15.57463074,20.75116348,16.33886909,14.69414711,11.38388824,15.21249866,13.34181499,17.52726936,16.57962799,20.53573608,15.547,14.964,15.57144356,15.1864872,14.30930424,12.81686878,11.71579647,14.66273212,13.39681816,14.58642441,19.01531982,15.10315609,14.2133112,16.28703308,16.851,3
1990,15.87,16.21204185,14.46127129,15.42155647,16.24414825,17.83238602,19.02796364,14.17087936,14.19592094,14.53386402,14.41966438,15.89878464,19.50117874,16.53781509,14.18810463,10.88223076,15.39400673,13.46929741,16.60227394,17.1008358,20.20178986,15.432,15.091,15.76277256,15.36933804,14.46307659,13.01611805,11.76998711,14.33649921,12.82155418,14.64026331,19.04185867,14.70943546,13.82500744,15.6194191,16.265,3
1991,15.42,16.39942741,13.86632442,14.642663,16.65742874,17.5298996,19.50174141,14.07059956,14.10137367,14.84273911,14.64895344,15.33631039,19.80398369,16.33868027,14.38554859,11.2493124,14.77387619,13.84111786,16.62104988,17.5351162,20.05700493,15.298,15.118,15.33000183,15.62403107,14.49237728,13.00321865,11.67946625,13.91991234,12.96554756,14.86145228,18.6871109,14.49779415,14.16557121,15.79013348,16.433,3
1992,15.48,16.19197845,14.20427418,14.44155216,16.9225235,18.2465992,19.14888573,14.30554008,14.03157234,14.73819828,14.50694084,15.49812889,20.59009361,16.00073814,13.77829456,10.82353783,14.8872385,13.76752949,16.15577698,17.53158569,20.39840889,15.277,15.054,15.49123383,15.55999851,14.4700098,12.50819397,11.65432072,13.52917671,13.07707977,14.81829465,18.65875816,14.74889565,14.10793781,15.81241035,16.015,3
1993,15.81,16.49319458,14.99849224,14.819767,16.85232544,17.88551903,19.34151268,14.39261341,14.29878139,14.64113331,14.3655901,16.00312042,20.55923843,15.84887028,14.38793755,11.35782337,15.18518066,14.23372459,16.40563774,17.5990181,20.5852375,15.028,15.235,16.16249084,15.3166523,14.5323925,12.55176258,11.90193939,14.06462669,13.50422764,14.7751152,18.6883316,14.70474052,13.8245039,15.92685509,16.339,3
1994,15.55,16.54001808,15.09238052,14.60061836,17.04304504,18.2595005,18.94410133,14.43672562,14.34347725,14.93750954,14.55672836,16.12903976,20.72179031,16.57449341,14.36408901,11.61349201,15.13366604,14.25898838,16.33943558,17.37905121,20.91736031,15.435,15.358,15.318223,15.65475655,14.53146648,12.66377068,12.1025219,14.33185959,13.02192307,14.71785327,18.74740601,14.76649666,13.5999155,15.73903084,17.1,3
1995,15.26,15.83442879,14.46217728,14.80341244,16.95345879,17.84759521,19.38672638,13.75839996,14.42434788,14.47833633,14.76161861,15.66503906,19.74536133,16.25273895,13.92414856,10.93250179,15.26415443,14.21941757,16.74061012,17.54753304,20.7361908,15.698,15.446,15.37482262,15.6797142,14.34594822,12.76731586,11.97429466,15.11758804,13.44465065,14.94037486,18.45776939,15.37228394,13.90596104,16.1382122,15.861,3
1996,15.12,15.66232014,14.38151073,14.39690208,16.64227486,17.45587158,18.76096153,13.91375828,14.25024605,13.67289162,14.90990829,15.90119934,19.45173073,15.67883015,13.82542419,10.97894382,15.24729729,14.07061863,15.9489336,16.39141846,20.59747505,15.852,15.23,15.70735455,15.72894096,14.38971424,12.86002064,12.11280155,15.01197624,13.2692337,14.63545869,19.00438499,15.40738487,13.82610226,15.95143032,15.985,3
1997,15.47,16.01324081,13.61075115,14.95109081,16.69462204,17.69945908,19.05049896,14.02567959,14.38670158,14.12065506,15.03575802,15.74822617,19.91201401,15.55034351,13.91736984,10.87000465,15.65437508,14.16990089,17.0882473,16.03342056,20.5304203,16.016,14.942,15.47370625,15.66435432,14.24357796,12.86080074,12.13167,14.38715458,13.33628464,14.58875965,18.39030647,15.24467182,13.96000862,15.66946793,15.705,3
1998,15.6,16.16923904,13.45247173,15.11044979,16.84903526,17.64425468,19.04230881,13.86553478,14.21235943,14.88142109,14.81723499,15.09821415,20.61275291,15.26662636,13.88305283,10.77510834,15.30631924,13.74452972,17.21228218,16.52933311,20.37444496,15.973,14.567,15.34346199,15.46296787,14.26124287,12.94135666,12.0545063,14.27207756,12.92395401,14.54233265,17.5578289,14.8283329,13.65323544,15.64864063,15.204,3
1999,15.4,15.79026985,13.39238739,14.70057392,17.11501122,17.58114052,18.5550499,13.67213249,14.14916801,14.93396473,14.85190868,14.94377136,20.18261147,15.30188656,13.58492756,10.62106895,15.5956068,13.46679401,16.55871201,16.26785851,20.4102726,15.905,14.48,15.26779461,14.86959267,14.53242302,12.61853123,12.38346767,14.31610298,12.61942196,14.0668119,18.02945328,14.9140234,13.77554512,16.17973518,15.303,3
2000,15.22,15.94387531,13.36121368,14.45741558,16.3977108,17.91340446,18.98561478,13.44943237,14.10762501,14.79496574,14.57166767,14.51649761,20.17144585,15.3582325,13.56855583,11.37706375,15.25731373,13.4176712,16.18723106,16.46420288,20.52898026,16.066,14.641,15.73681068,15.12611198,14.7787714,12.52880764,12.2269516,14.15007496,12.76682377,14.12695535,17.98267746,15.82580566,13.36887169,16.55436516,14.868,3
2001,15.52,15.16253948,13.52877712,14.23040485,16.22801971,17.6050396,18.99786949,13.87914371,13.85101128,14.98546791,14.59742451,14.50508308,19.36414146,15.31340504,13.46735954,11.02539539,15.1088171,13.47107792,16.31662178,16.44060326,20.53164673,15.569,14.624,15.51524925,15.09521389,14.70128441,12.61077309,12.03496361,14.12428665,12.47032928,14.42692503,18.56262779,14.87263012,13.8001585,15.89159107,14.909,3
2002,15.35,15.56039238,13.60778427,14.33217525,16.02711296,17.54214859,19.18375015,13.4512291,12.99850559,14.85505962,14.41768265,14.62705421,19.31727409,15.52782345,13.7654438,10.68972301,14.80856609,13.24294376,16.64662933,16.18922234,20.2236805,15.393,14.715,15.35375595,14.20681,14.56525135,12.28306389,11.92037106,13.91182137,12.68263149,14.19560803,18.00268173,15.27731705,13.68484783,15.21779156,15.194,3
2003,15.48,15.44826031,13.31180191,14.32596111,15.93276787,17.60574913,19.34142876,13.33790779,13.34056187,14.7593441,14.54150677,14.66363049,19.33288383,14.83980465,13.55213261,10.31857967,15.0572567,13.45180798,16.33979988,15.94838619,19.51454926,14.666,14.551,15.62386608,14.6588974,15.08816814,12.527174,11.61978149,13.74045467,12.52017879,13.35051172,17.83016586,15.08671761,13.60703659,15.00309086,15.365,3
2004,14.99,15.19149685,13.15019131,14.14381313,15.88950062,17.88514519,18.5676403,13.38047504,13.64131832,14.89387035,14.24901199,15.32957172,19.09889221,14.38050842,13.11435413,10.56941414,14.85208893,13.58157444,16.30367088,16.02423859,19.8999958,15.325,14.512,15.14901352,14.68205452,14.57265377,12.51731777,11.41132832,13.93877506,12.90187168,13.55647365,17.98573875,14.54142189,13.96710014,15.27022171,15.299,3
2005,14.69,15.31592369,12.96650124,14.43248558,16.08311844,17.50083923,19.2416935,13.56165886,13.96389103,14.63668251,14.29166889,15.2250309,18.61782646,14.36909103,13.25070286,10.15812016,14.68744469,13.57482338,16.00776291,16.06004143,19.85457802,15.282,14.321,15.17123413,15.19645691,14.61171627,12.3302269,11.61463737,13.01723099,12.78709221,13.99902504,18.23469734,14.72618008,14.08370972,14.90470028,15.311,3
2006,14.42,15.54742718,13.16932392,14.26696682,16.05187225,17.06617928,19.30132866,13.64091015,13.85473824,14.56696033,14.49578953,15.08189297,18.44847298,14.36297607,14.11425591,10.87968826,14.25195313,13.33579063,17.29258537,16.34713936,19.67338371,14.835,14.353,15.20466805,14.85576344,14.0059948,12.11574841,11.40052891,13.3395443,12.50738525,13.71422889,17.78076935,14.67297077,13.71567631,14.55486774,14.989,3
2007,14.54,15.39950848,13.08604622,14.06708527,16.03390694,17.61048508,18.47356415,13.67833805,13.94491386,14.85563183,14.66397285,14.7342968,18.5160923,13.63198376,13.91458988,11.17012215,14.04118156,13.66623211,17.04119873,16.44522476,20.1177597,14.88,14.129,15.99845219,14.84192657,14.45046997,12.41812706,11.58724022,13.2791338,12.43350124,13.42427929,17.97407532,14.27595615,13.85795116,14.35663033,15.111,3
2008,15.18,15.4211359,13.41197777,13.90586948,15.96967125,17.54582977,18.5849781,13.36329174,13.97401142,15.06644344,14.41128922,14.80037975,18.77447891,13.93129253,13.52442265,10.68705559,14.4318943,13.51002026,16.54073715,15.8383112,19.51709557,14.153,14.377,16.25585175,14.84568501,14.60216045,12.28820419,11.46752262,13.11233521,12.86003971,14.00380086,17.3126545,14.0277977,13.83862877,14.61690235,14.783,3
2009,14.98,15.86425781,13.46935749,14.03375053,16.24861717,17.32299805,18.90641975,13.43157482,13.84289742,15.08046818,14.32697582,14.64888859,17.908041,13.93701935,13.64853477,10.85581779,14.31322002,13.41440773,17.01628876,16.19041443,19.75891495,14.762,14.484,15.90941429,14.33280087,13.57820797,12.52079868,11.57772064,13.21163368,12.8993454,13.70457704,17.55863953,14.27706909,13.84847069,14.75209618,14.635,3
2010,15.14,15.54009342,13.51214886,13.84555149,15.83342934,16.76218987,19.12319565,13.4151144,13.91616154,15.12592411,14.2866888,14.31999683,17.6069603,13.61461735,13.46814346,10.96992207,14.51780415,13.37829876,17.16725159,15.92614555,19.69600296,14.804,14.469,15.71523666,14.54767036,13.66039371,12.52517891,11.67105293,13.53292179,12.82452488,13.63183619,16.97564316,14.12788486,13.82610893,14.86081696,14.906,3
2011,14.55,15.84349728,13.50504303,14.35575581,15.80836487,17.20692635,19.09479141,13.2939539,13.72333908,14.52655602,14.33130836,13.84938145,17.95171928,13.64141655,13.49455261,10.6570797,14.43875217,13.3039999,16.84345627,16.27724838,20.25987434,15.067,14.355,15.45726395,15.48228264,14.31536961,11.92720222,11.81281757,13.44711971,12.89210987,13.5446978,16.88458061,14.24928856,13.53606415,14.33219147,14.829,3
2012,15.2,15.25260353,13.20989323,14.12173557,15.890975,16.57834435,18.65656662,13.73244667,13.49612713,15.07328129,13.98032951,13.63764095,18.03498459,13.35591602,13.49574471,10.78274155,14.50464153,13.4539032,16.55118561,16.10070419,19.63409615,14.834,14.002,15.60945034,14.97305298,14.41914749,12.2007761,11.8361969,13.19824696,12.52693939,13.23813868,16.71904373,14.33586311,13.94083977,14.53114414,14.756,3
2013,15.03,14.97931767,13.11832523,14.36581707,16.1450634,16.82350159,19.05958176,13.6268158,13.9172287,15.01693821,14.41882324,13.93241501,18.29473305,13.31397152,13.81228256,11.10031605,14.45850182,13.2812233,15.72938156,15.43060207,19.60675621,15.099,13.87,15.60350609,15.32807541,14.33311558,12.00183487,11.43721294,13.64769459,12.80756187,13.25884975,17.10438919,14.69966698,13.83717155,14.23425102,14.743,3
2014,14.76,15.29036236,13.08353138,14.03299332,15.89305592,16.61614799,19.9149437,13.50620461,14.0199585,15.09219074,14.22364521,14.00490952,17.34778404,13.29782677,13.41109467,10.90404987,14.42947197,13.53630829,16.79310226,16.10725212,19.53100967,14.68,13.523,16.01531601,14.62891769,14.13315201,12.3027153,11.39028931,13.05920982,12.91920471,13.36821252,17.02681541,14.43797016,13.71367264,14.06742764,14.381,3
